{
  "project_info": {
    "project_number": "260375900054",
    "firebase_url": "https://self-mangement-default-rtdb.firebaseio.com",
    "project_id": "self-mangement",
    "storage_bucket": "self-mangement.appspot.com"
  },
  "client": [
    {
      "client_info": {
        "mobilesdk_app_id": "1:260375900054:android:59c1e7af389fe77ce377b7",
        "android_client_info": {
          "package_name": "com.mobile.plantmanagement"
        }
      },
      "oauth_client": [
        {
          "client_id": "260375900054-da7o6hsvu5otqa3adfft6f0kbshktvni.apps.googleusercontent.com",
          "client_type": 1,
          "android_info": {
            "package_name": "com.mobile.plantmanagement",
            "certificate_hash": "5c303f1bfc7a7b8b7a8d7b2ab44b4212ffd7c7f2"
          }
        },
        {
          "client_id": "260375900054-5qe7geljhceer8mi6ltmj1js4huqdvh8.apps.googleusercontent.com",
          "client_type": 3
        }
      ],
      "api_key": [
        {
          "current_key": "AIzaSyDuI-QGQABl3GEl3fVwMXr_KJYQUlx5TRo"
        }
      ],
      "services": {
        "appinvite_service": {
          "other_platform_oauth_client": [
            {
              "client_id": "260375900054-5qe7geljhceer8mi6ltmj1js4huqdvh8.apps.googleusercontent.com",
              "client_type": 3
            }
          ]
        }
      }
    }
  ],
  "configuration_version": "1"
}